Variable,Coefficient,Std. Error,t-Statistic,Prob.  
,,,,
C,-0.301413,0.260956,-1.155033,0.2491
X,-0.051410,0.014316,-3.591137,0.0004
