Variable,Coefficient,Std. Error,t-Statistic,Prob.  
,,,,
C,0.495927,0.033325,14.88173,0.0000
X,-0.032962,0.058948,-0.559173,0.5765
