Variable,Coefficient,Std. Error,t-Statistic,Prob.  
,,,,
C,4.746923,0.760991,6.237814,0.0000
X,0.551975,0.055295,9.982371,0.0000
