Variable,Coefficient,Std. Error,t-Statistic,Prob.  
,,,,
C,-7.793694,0.651449,-11.96364,0.0000
X,-1.397455,0.041976,-33.29192,0.0000
