Variable,Coefficient,Std. Error,t-Statistic,Prob.  
,,,,
C,-3.389340,0.429785,-7.886137,0.0000
X,-0.598761,0.021964,-27.26116,0.0000
