Variable,Coefficient,Std. Error,t-Statistic,Prob.  
,,,,
C,-0.087812,0.591079,-0.148561,0.8820
X,-0.768495,0.024541,-31.31468,0.0000
