Variable,Coefficient,Std. Error,t-Statistic,Prob.  
,,,,
C,3.511751,0.499403,7.031896,0.0000
X,0.321285,0.078567,4.089320,0.0001
