Variable,Coefficient,Std. Error,t-Statistic,Prob.  
,,,,
C,-12.42699,0.632506,-19.64723,0.0000
X,0.293267,0.059852,4.899838,0.0000
