aic,df,coefs,dw,f,fprob,hq,logl,meandep,ncoef,pval,r2,rbar2,regobs,schwarz,sddep,se,ssr,stderrs,tstats
 0.321215, 274.0000, 0.495927, 1.987150, 0.312675, 0.576500, 0.331743,-42.32771, 0.479913, 2.000000, 4.08E-37, 0.001140,-0.002506, 276.0000, 0.347450, 0.282750, 0.283104, 21.96052, 0.033325, 14.88173
,,-0.032962,,,,,,,, 0.576500,,,,,,,, 0.058948,-0.559173
