aic,df,coefs,dw,f,fprob,hq,logl,meandep,ncoef,pval,r2,rbar2,regobs,schwarz,sddep,se,ssr,stderrs,tstats
 2.774494, 273.0000, 6.422306, 2.167514, 8648.572, 1.3E-247, 2.790285,-379.8801, 6.778985, 3.000000, 0.218010, 0.984462, 0.984348, 276.0000, 2.813846, 7.646156, 0.956581, 249.8080, 5.201584, 1.234683
,, 0.991035,,,,,,,, 1.8E-239,,,,,,,, 0.008172, 121.2739
,, 0.905101,,,,,,,, 8.05E-27,,,,,,,, 0.075621, 11.96894
