aic,df,coefs,dw,f,fprob,hq,logl,meandep,ncoef,pval,r2,rbar2,regobs,schwarz,sddep,se,ssr,stderrs,tstats
 4.938919, 89.00000, 4.755039, 0.242413, 43.08810, 8.19E-14, 4.972109,-224.1903, 0.541680, 3.000000, 7.72E-09, 0.491940, 0.480523, 92.00000, 5.021151, 3.903817, 2.813666, 704.5880, 0.745227, 6.380655
,,-0.879833,,,,,,,, 2.33E-08,,,,,,,, 0.143481,-6.132063
,, 0.106860,,,,,,,, 0.231874,,,,,,,, 0.088772, 1.203761
