aic,df,coefs,dw,f,fprob,hq,logl,meandep,ncoef,pval,r2,rbar2,regobs,schwarz,sddep,se,ssr,stderrs,tstats
 7.143826, 274.0000, 15.01030, 0.022251, 12.89627, 0.000390, 7.154354,-983.8480, 15.99273, 2.000000, 6.47E-75, 0.044951, 0.041465, 276.0000, 7.170061, 8.763010, 8.579405, 20168.10, 0.584406, 25.68470
,,-0.874363,,,,,,,, 0.000390,,,,,,,, 0.243478,-3.591137
