aic,df,coefs,dw,f,fprob,hq,logl,meandep,ncoef,pval,r2,rbar2,regobs,schwarz,sddep,se,ssr,stderrs,tstats
 3.720683, 102.0000,-1.723610, 0.490146, 47.66543, 4.40E-10, 3.741285,-191.4755,-2.644439, 2.000000, 1.26E-13, 0.318480, 0.311798, 104.0000, 3.771537, 1.856546, 1.540152, 241.9510, 0.201488,-8.554398
,,-0.258724,,,,,,,, 4.40E-10,,,,,,,, 0.037474,-6.904016
