aic,df,coefs,dw,f,fprob,hq,logl,meandep,ncoef,pval,r2,rbar2,regobs,schwarz,sddep,se,ssr,stderrs,tstats
 5.138431, 102.0000,-1.227822, 0.152051, 54.99710, 3.67E-11, 5.159033,-265.1984,-2.492555, 2.000000, 0.000697, 0.350306, 0.343937, 104.0000, 5.189284, 3.863232, 3.129130, 998.7285, 0.351045,-3.497615
,, 0.511476,,,,,,,, 3.67E-11,,,,,,,, 0.068969, 7.416003
