aic,df,coefs,dw,f,fprob,hq,logl,meandep,ncoef,pval,r2,rbar2,regobs,schwarz,sddep,se,ssr,stderrs,tstats
 5.136532, 102.0000, 5.514723, 0.141236, 21.81357, 9.19E-06, 5.157134,-265.0997, 7.693529, 2.000000, 1.51E-16, 0.176181, 0.168104, 104.0000, 5.187385, 3.427495, 3.126161, 996.8338, 0.558208, 9.879341
,, 0.200177,,,,,,,, 9.19E-06,,,,,,,, 0.042860, 4.670500
