aic,df,coefs,dw,f,fprob,hq,logl,meandep,ncoef,pval,r2,rbar2,regobs,schwarz,sddep,se,ssr,stderrs,tstats
 4.050237, 102.0000,-2.207450, 0.290002, 1.133633, 0.289516, 4.070840,-208.6123,-1.864934, 2.000000, 2.99E-08, 0.010992, 0.001296, 104.0000, 4.101091, 1.817218, 1.816040, 336.3962, 0.367694,-6.003498
,, 0.046659,,,,,,,, 0.289516,,,,,,,, 0.043823, 1.064722
