aic,df,coefs,dw,f,fprob,hq,logl,meandep,ncoef,pval,r2,rbar2,regobs,schwarz,sddep,se,ssr,stderrs,tstats
 5.635456, 102.0000,-12.86741, 0.066292, 0.137336, 0.711712, 5.656058,-291.0437,-13.03682, 2.000000, 2.15E-39, 0.001345,-0.008446, 104.0000, 5.686309, 3.995074, 4.011910, 1641.733, 0.603113,-21.33500
,,-0.051187,,,,,,,, 0.711712,,,,,,,, 0.138123,-0.370589
