aic,df,coefs,dw,f,fprob,hq,logl,meandep,ncoef,pval,r2,rbar2,regobs,schwarz,sddep,se,ssr,stderrs,tstats
 6.119305, 102.0000,-0.140140, 0.187186, 149.0896, 1.13E-21, 6.139908,-316.2039, 10.19670, 2.000000, 0.887002, 0.593771, 0.589788, 104.0000, 6.170159, 7.978360, 5.109964, 2663.397, 0.983748,-0.142455
,, 2.192064,,,,,,,, 1.13E-21,,,,,,,, 0.179527, 12.21023
