aic,df,coefs,dw,f,fprob,hq,logl,meandep,ncoef,pval,r2,rbar2,regobs,schwarz,sddep,se,ssr,stderrs,tstats
 5.290919, 102.0000,-4.277344, 0.096128, 13.71400, 0.000346, 5.311521,-273.1278,-4.908833, 2.000000, 4.35E-20, 0.118516, 0.109874, 104.0000, 5.341773, 3.579401, 3.377039, 1163.248, 0.372473,-11.48365
,, 0.334970,,,,,,,, 0.000346,,,,,,,, 0.090453, 3.703242
