aic,df,coefs,dw,f,fprob,hq,logl,meandep,ncoef,pval,r2,rbar2,regobs,schwarz,sddep,se,ssr,stderrs,tstats
 3.929785, 102.0000,-0.764187, 0.346812, 15.71590, 0.000137, 3.950387,-202.3488,-1.309241, 2.000000, 0.000637, 0.133507, 0.125012, 104.0000, 3.980639, 1.827968, 1.709896, 298.2218, 0.216832,-3.524322
,,-0.075787,,,,,,,, 0.000137,,,,,,,, 0.019117,-3.964328
