aic,df,coefs,dw,f,fprob,hq,logl,meandep,ncoef,pval,r2,rbar2,regobs,schwarz,sddep,se,ssr,stderrs,tstats
 5.286991, 102.0000, 7.957228, 0.107791, 8.687678, 0.003971, 5.307593,-272.9235, 6.981648, 2.000000, 1.50E-31, 0.078488, 0.069454, 104.0000, 5.337845, 3.493930, 3.370413, 1158.688, 0.467740, 17.01209
,,-0.384375,,,,,,,, 0.003971,,,,,,,, 0.130408,-2.947487
