aic,df,coefs,dw,f,fprob,hq,logl,meandep,ncoef,pval,r2,rbar2,regobs,schwarz,sddep,se,ssr,stderrs,tstats
 5.487304, 102.0000,-5.532588, 0.082183, 23.32335, 4.83E-06, 5.507906,-283.3398,-4.265089, 2.000000, 7.25E-22, 0.186105, 0.178126, 104.0000, 5.538158, 4.109395, 3.725465, 1415.667, 0.449816,-12.29967
,, 0.395783,,,,,,,, 4.83E-06,,,,,,,, 0.081952, 4.829425
