aic,df,coefs,dw,f,fprob,hq,logl,meandep,ncoef,pval,r2,rbar2,regobs,schwarz,sddep,se,ssr,stderrs,tstats
 3.703835, 4.000000,-1.403700, 1.122349, 0.205509, 0.673814, 3.425967,-9.111504,-2.234742, 2.000000, 0.504115, 0.048867,-0.188917, 6.000000, 3.634421, 1.240925, 1.353073, 7.323223, 1.914605,-0.733154
,,-0.336712,,,,,,,, 0.673814,,,,,,,, 0.742750,-0.453332
