aic,df,coefs,dw,f,fprob,hq,logl,meandep,ncoef,pval,r2,rbar2,regobs,schwarz,sddep,se,ssr,stderrs,tstats
 3.527742, 4.000000,-1.478749, 1.567750, 0.517662, 0.511635, 3.249874,-8.583226,-1.074810, 2.000000, 0.121999, 0.114586,-0.106767, 6.000000, 3.458328, 1.177755, 1.239034, 6.140816, 0.755689,-1.956822
,, 0.488851,,,,,,,, 0.511635,,,,,,,, 0.679443, 0.719487
