aic,df,coefs,dw,f,fprob,hq,logl,meandep,ncoef,pval,r2,rbar2,regobs,schwarz,sddep,se,ssr,stderrs,tstats
 4.982150, 102.0000,-1.155476, 0.122100, 2.663129, 0.105782, 5.002753,-257.0718,-1.920156, 2.000000, 0.037369, 0.025445, 0.015890, 104.0000, 5.033004, 2.917199, 2.893929, 854.2319, 0.547809,-2.109269
,,-0.180934,,,,,,,, 0.105782,,,,,,,, 0.110873,-1.631910
