Variable,Coefficient,Std. Error,t-Statistic,Prob.  
,,,,
C,14.68408,0.755878,19.42653,0.0000
X,1.685858,0.030470,55.32860,0.0000
