Variable,Coefficient,Std. Error,t-Statistic,Prob.  
,,,,
C,3.229190,0.336002,9.610617,0.0000
X,-0.737196,0.087723,-8.403713,0.0000
