aic,df,coefs,dw,f,fprob,hq,logl,meandep,ncoef,pval,r2,rbar2,regobs,schwarz,sddep,se,ssr,stderrs,tstats
 6.362889, 89.00000,-2.728871, 0.048764, 3.089462, 0.050442, 6.396079,-289.6929,-3.154564, 3.000000, 0.037167, 0.064919, 0.043906, 92.00000, 6.445121, 5.864533, 5.734344, 2926.560, 1.289844,-2.115659
,, 0.459016,,,,,,,, 0.052785,,,,,,,, 0.233851, 1.962860
,, 0.066902,,,,,,,, 0.809195,,,,,,,, 0.276243, 0.242184
