aic,df,coefs,dw,f,fprob,hq,logl,meandep,ncoef,pval,r2,rbar2,regobs,schwarz,sddep,se,ssr,stderrs,tstats
 4.694694, 102.0000,-3.429836, 0.182023, 0.297688, 0.586527, 4.715296,-242.1241,-3.100807, 2.000000, 7.75E-07, 0.002910,-0.006865, 104.0000, 4.745548, 2.497939, 2.506498, 640.8185, 0.651214,-5.266837
,, 0.053615,,,,,,,, 0.586527,,,,,,,, 0.098267, 0.545608
