aic,df,coefs,dw,f,fprob,hq,logl,meandep,ncoef,pval,r2,rbar2,regobs,schwarz,sddep,se,ssr,stderrs,tstats
 4.577316, 102.0000,-2.916348, 0.194116, 57.98751, 1.38E-11, 4.597918,-236.0204,-1.750899, 2.000000, 6.37E-18, 0.362450, 0.356200, 104.0000, 4.628170, 2.945802, 2.363628, 569.8473, 0.277745,-10.50010
,,-0.261652,,,,,,,, 1.38E-11,,,,,,,, 0.034360,-7.614953
