aic,df,coefs,dw,f,fprob,hq,logl,meandep,ncoef,pval,r2,rbar2,regobs,schwarz,sddep,se,ssr,stderrs,tstats
 0.895624, 4.000000, 2.275656, 2.006782, 2.781772, 0.170669, 0.617756,-0.686872, 1.696183, 2.000000, 0.003651, 0.410184, 0.262730, 6.000000, 0.826210, 0.387001, 0.332297, 0.441684, 0.372980, 6.101282
,,-0.216840,,,,,,,, 0.170669,,,,,,,, 0.130010,-1.667864
