aic,df,coefs,dw,f,fprob,hq,logl,meandep,ncoef,pval,r2,rbar2,regobs,schwarz,sddep,se,ssr,stderrs,tstats
 1.852545, 4.000000, 4.997202, 2.256427, 77.36029, 0.000922, 1.574677,-3.557635, 3.807859, 2.000000, 4.14E-05, 0.950836, 0.938545, 6.000000, 1.783132, 2.162917, 0.536190, 1.149999, 0.257297, 19.42193
,, 1.561496,,,,,,,, 0.000922,,,,,,,, 0.177534, 8.795470
