aic,df,coefs,dw,f,fprob,hq,logl,meandep,ncoef,pval,r2,rbar2,regobs,schwarz,sddep,se,ssr,stderrs,tstats
 2.925288, 4.000000, 1.831270, 0.733087, 1.197066, 0.335374, 2.647420,-6.775864, 2.497550, 2.000000, 0.062508, 0.230335, 0.037919, 6.000000, 2.855875, 0.934665, 0.916773, 3.361891, 0.714791, 2.561965
,, 0.406134,,,,,,,, 0.335374,,,,,,,, 0.371202, 1.094105
