aic,df,coefs,dw,f,fprob,hq,logl,meandep,ncoef,pval,r2,rbar2,regobs,schwarz,sddep,se,ssr,stderrs,tstats
 4.707623, 102.0000,-1.811683, 0.172301, 2.134547, 0.147087, 4.728225,-242.7964,-1.605522, 2.000000, 5.74E-09, 0.020498, 0.010895, 104.0000, 4.758477, 2.536610, 2.522754, 649.1575, 0.284793,-6.361411
,, 0.075663,,,,,,,, 0.147087,,,,,,,, 0.051788, 1.461009
