aic,df,coefs,dw,f,fprob,hq,logl,meandep,ncoef,pval,r2,rbar2,regobs,schwarz,sddep,se,ssr,stderrs,tstats
 2.548178, 4.000000, 2.685055, 0.553368, 2.355195, 0.199656, 2.270310,-5.644534,-0.885532, 2.000000, 0.316451, 0.370594, 0.213242, 6.000000, 2.478765, 0.855959, 0.759230, 2.305722, 2.347179, 1.143950
,, 1.368562,,,,,,,, 0.199656,,,,,,,, 0.891767, 1.534665
