aic,df,coefs,dw,f,fprob,hq,logl,meandep,ncoef,pval,r2,rbar2,regobs,schwarz,sddep,se,ssr,stderrs,tstats
 5.947985, 102.0000,-1.019465, 0.101596, 23.80995, 3.93E-06, 5.968587,-307.2952, 2.773792, 2.000000, 0.261688, 0.189253, 0.181305, 104.0000, 5.998838, 5.183880, 4.690467, 2244.049, 0.903251,-1.128662
,,-0.936667,,,,,,,, 3.93E-06,,,,,,,, 0.191958,-4.879544
