aic,df,coefs,dw,f,fprob,hq,logl,meandep,ncoef,pval,r2,rbar2,regobs,schwarz,sddep,se,ssr,stderrs,tstats
 3.745079, 102.0000,-0.607481, 0.314454, 45.38761, 9.78E-10, 3.765681,-192.7441, 1.979609, 2.000000, 0.144707, 0.307947, 0.301162, 104.0000, 3.795933, 1.864975, 1.559054, 247.9262, 0.413323,-1.469750
,,-0.242043,,,,,,,, 9.78E-10,,,,,,,, 0.035927,-6.737033
