aic,df,coefs,dw,f,fprob,hq,logl,meandep,ncoef,pval,r2,rbar2,regobs,schwarz,sddep,se,ssr,stderrs,tstats
 5.350883, 102.0000, 0.305770, 0.154997, 37.10099, 2.00E-08, 5.371485,-276.2459, 1.367748, 2.000000, 0.426745, 0.266720, 0.259531, 104.0000, 5.401737, 4.043929, 3.479822, 1235.135, 0.383187, 0.797964
,, 0.944946,,,,,,,, 2.00E-08,,,,,,,, 0.155137, 6.091058
