aic,df,coefs,dw,f,fprob,hq,logl,meandep,ncoef,pval,r2,rbar2,regobs,schwarz,sddep,se,ssr,stderrs,tstats
 4.075226, 4.000000,-0.791205, 1.523882, 0.265791, 0.633354, 3.797358,-10.22568,-1.509806, 2.000000, 0.635429, 0.062308,-0.172116, 6.000000, 4.005813, 1.504813, 1.629175, 10.61685, 1.544409,-0.512303
,, 0.333209,,,,,,,, 0.633354,,,,,,,, 0.646318, 0.515549
