aic,df,coefs,dw,f,fprob,hq,logl,meandep,ncoef,pval,r2,rbar2,regobs,schwarz,sddep,se,ssr,stderrs,tstats
 3.065545, 4.000000,-0.507180, 2.225092, 0.002217, 0.964701, 2.787677,-7.196635,-0.498522, 2.000000, 0.314736, 0.000554,-0.249308, 6.000000, 2.996132, 0.879799, 0.983373, 3.868090, 0.441564,-1.148600
,, 0.017260,,,,,,,, 0.964701,,,,,,,, 0.366553, 0.047087
