aic,df,coefs,dw,f,fprob,hq,logl,meandep,ncoef,pval,r2,rbar2,regobs,schwarz,sddep,se,ssr,stderrs,tstats
 4.089067, 102.0000,-1.073941, 0.298538, 51.54631, 1.16E-10, 4.109669,-210.6315, 1.724662, 2.000000, 0.014108, 0.335705, 0.329193, 104.0000, 4.139921, 2.260780, 1.851643, 349.7152, 0.430014,-2.497459
,,-0.253739,,,,,,,, 1.16E-10,,,,,,,, 0.035342,-7.179576
