aic,df,coefs,dw,f,fprob,hq,logl,meandep,ncoef,pval,r2,rbar2,regobs,schwarz,sddep,se,ssr,stderrs,tstats
 0.691864, 4.000000,-1.954724, 2.689282, 46.21048, 0.002446, 0.413996,-0.075591,-2.597272, 2.000000, 0.000226, 0.920335, 0.900419, 6.000000, 0.622450, 0.951025, 0.300110, 0.360263, 0.154743,-12.63205
,,-1.202042,,,,,,,, 0.002446,,,,,,,, 0.176827,-6.797829
