aic,df,coefs,dw,f,fprob,hq,logl,meandep,ncoef,pval,r2,rbar2,regobs,schwarz,sddep,se,ssr,stderrs,tstats
 3.633805, 89.00000, 2.706710, 0.608145, 0.472862, 0.624773, 3.666995,-164.1550, 2.676539, 3.000000, 4.03E-21, 0.010514,-0.011721, 92.00000, 3.716037, 1.456600, 1.465112, 191.0431, 0.218069, 12.41220
,, 0.063024,,,,,,,, 0.503298,,,,,,,, 0.093779, 0.672042
,,-0.001788,,,,,,,, 0.973466,,,,,,,, 0.053596,-0.033355
