aic,df,coefs,dw,f,fprob,hq,logl,meandep,ncoef,pval,r2,rbar2,regobs,schwarz,sddep,se,ssr,stderrs,tstats
 5.550353, 102.0000, 2.994951, 0.089674, 8.323318, 0.004776, 5.570955,-286.6184, 3.332118, 2.000000, 1.58E-11, 0.075445, 0.066381, 104.0000, 5.601207, 3.979115, 3.844779, 1507.797, 0.394710, 7.587724
,,-0.450050,,,,,,,, 0.004776,,,,,,,, 0.155996,-2.885016
