aic,df,coefs,dw,f,fprob,hq,logl,meandep,ncoef,pval,r2,rbar2,regobs,schwarz,sddep,se,ssr,stderrs,tstats
 7.086671, 102.0000, 12.10655, 0.016712, 11.96881, 0.000791, 7.107274,-366.5069, 7.900099, 2.000000, 5.08E-13, 0.105018, 0.096244, 104.0000, 7.137525, 8.718727, 8.288553, 7007.411, 1.462511, 8.277919
,,-0.585740,,,,,,,, 0.000791,,,,,,,, 0.169309,-3.459596
