aic,df,coefs,dw,f,fprob,hq,logl,meandep,ncoef,pval,r2,rbar2,regobs,schwarz,sddep,se,ssr,stderrs,tstats
 5.137926, 102.0000, 5.001206, 0.127002, 239.9151, 1.52E-28, 5.158528,-265.1722, 3.400176, 2.000000, 1.82E-28, 0.701680, 0.698756, 104.0000, 5.188780, 5.699734, 3.128341, 998.2246, 0.323706, 15.44986
,, 0.925760,,,,,,,, 1.52E-28,,,,,,,, 0.059768, 15.48919
