aic,df,coefs,dw,f,fprob,hq,logl,meandep,ncoef,pval,r2,rbar2,regobs,schwarz,sddep,se,ssr,stderrs,tstats
 2.706789, 4.000000,-3.047607, 1.297717, 26.41989, 0.006791, 2.428921,-6.120366,-3.989847, 2.000000, 0.001342, 0.868507, 0.835634, 6.000000, 2.637375, 2.027258, 0.821893, 2.702032, 0.382346,-7.970802
,,-1.242894,,,,,,,, 0.006791,,,,,,,, 0.241807,-5.140028
