aic,df,coefs,dw,f,fprob,hq,logl,meandep,ncoef,pval,r2,rbar2,regobs,schwarz,sddep,se,ssr,stderrs,tstats
 2.446043, 4.000000,-1.516348, 1.270043, 5.373879, 0.081300, 2.168175,-5.338128,-0.179090, 2.000000, 0.079280, 0.573282, 0.466603, 6.000000, 2.376629, 0.987802, 0.721431, 2.081853, 0.647698,-2.341135
,,-0.512305,,,,,,,, 0.081300,,,,,,,, 0.220996,-2.318163
