aic,df,coefs,dw,f,fprob,hq,logl,meandep,ncoef,pval,r2,rbar2,regobs,schwarz,sddep,se,ssr,stderrs,tstats
 4.875260, 102.0000, 4.590969, 0.127692, 21.73021, 9.52E-06, 4.895862,-251.5135, 3.079434, 2.000000, 8.48E-19, 0.175626, 0.167544, 104.0000, 4.926114, 3.006742, 2.743323, 767.6335, 0.421313, 10.89681
,, 0.310181,,,,,,,, 9.52E-06,,,,,,,, 0.066540, 4.661567
