aic,df,coefs,dw,f,fprob,hq,logl,meandep,ncoef,pval,r2,rbar2,regobs,schwarz,sddep,se,ssr,stderrs,tstats
 3.881789, 4.000000,-0.248392, 0.936162, 0.690383, 0.452753, 3.603922,-9.645368,-1.333110, 2.000000, 0.871279, 0.147191,-0.066011, 6.000000, 3.812376, 1.432460, 1.478984, 8.749576, 1.438352,-0.172692
,, 0.447589,,,,,,,, 0.452753,,,,,,,, 0.538684, 0.830893
