aic,df,coefs,dw,f,fprob,hq,logl,meandep,ncoef,pval,r2,rbar2,regobs,schwarz,sddep,se,ssr,stderrs,tstats
 5.141668, 102.0000,-4.538927, 0.171336, 57.03387, 1.88E-11, 5.162270,-265.3667,-4.650814, 2.000000, 4.80E-27, 0.358627, 0.352339, 104.0000, 5.192521, 3.894509, 3.134199, 1001.967, 0.307690,-14.75161
,,-0.961949,,,,,,,, 1.88E-11,,,,,,,, 0.127375,-7.552077
