aic,df,coefs,dw,f,fprob,hq,logl,meandep,ncoef,pval,r2,rbar2,regobs,schwarz,sddep,se,ssr,stderrs,tstats
 4.974829, 102.0000,-3.290307, 0.163156, 14.77323, 0.000211, 4.995431,-256.6911,-3.877237, 2.000000, 2.40E-17, 0.126512, 0.117949, 104.0000, 5.025683, 3.070090, 2.883354, 848.0006, 0.321338,-10.23940
,,-0.468780,,,,,,,, 0.000211,,,,,,,, 0.121964,-3.843596
