aic,df,coefs,dw,f,fprob,hq,logl,meandep,ncoef,pval,r2,rbar2,regobs,schwarz,sddep,se,ssr,stderrs,tstats
 1.821827, 4.000000, 1.127349, 2.439932, 0.012255, 0.917185, 1.543959,-3.465480, 1.114530, 2.000000, 0.009977, 0.003054,-0.246182, 6.000000, 1.752413, 0.472996, 0.528017, 1.115210, 0.244694, 4.607182
,,-0.020103,,,,,,,, 0.917185,,,,,,,, 0.181591,-0.110702
