aic,df,coefs,dw,f,fprob,hq,logl,meandep,ncoef,pval,r2,rbar2,regobs,schwarz,sddep,se,ssr,stderrs,tstats
 4.869882, 89.00000, 1.410268, 0.213879, 44.07516, 4.97E-14, 4.903072,-221.0146, 5.373959, 3.000000, 0.089955, 0.497602, 0.486312, 92.00000, 4.952114, 3.792553, 2.718200, 657.5863, 0.822652, 1.714295
,, 0.229653,,,,,,,, 0.041349,,,,,,,, 0.110943, 2.070012
,,-0.543306,,,,,,,, 2.11E-12,,,,,,,, 0.066639,-8.152927
