aic,df,coefs,dw,f,fprob,hq,logl,meandep,ncoef,pval,r2,rbar2,regobs,schwarz,sddep,se,ssr,stderrs,tstats
 0.942842, 4.000000,-1.418430, 2.338404, 11.32430, 0.028170, 0.664974,-0.828526,-1.405667, 2.000000, 0.000519, 0.738977, 0.673721, 6.000000, 0.873429, 0.595641, 0.340235, 0.463040, 0.138952,-10.20804
,,-0.784418,,,,,,,, 0.028170,,,,,,,, 0.233100,-3.365160
