aic,df,coefs,dw,f,fprob,hq,logl,meandep,ncoef,pval,r2,rbar2,regobs,schwarz,sddep,se,ssr,stderrs,tstats
 4.178908, 4.000000,-3.134308, 2.106565, 1.704094, 0.261776, 3.901040,-10.53672,-1.505905, 2.000000, 0.093606, 0.298749, 0.123437, 6.000000, 4.109495, 1.832696, 1.715861, 11.77671, 1.430654,-2.190822
,,-1.842740,,,,,,,, 0.261776,,,,,,,, 1.411618,-1.305410
