aic,df,coefs,dw,f,fprob,hq,logl,meandep,ncoef,pval,r2,rbar2,regobs,schwarz,sddep,se,ssr,stderrs,tstats
 5.190367, 102.0000,-3.891955, 0.094608, 0.469459, 0.494790, 5.210969,-267.8991,-3.562629, 2.000000, 8.24E-10, 0.004581,-0.005178, 104.0000, 5.241221, 3.203171, 3.211452, 1051.969, 0.574621,-6.773079
,,-0.029105,,,,,,,, 0.494790,,,,,,,, 0.042479,-0.685171
