aic,df,coefs,dw,f,fprob,hq,logl,meandep,ncoef,pval,r2,rbar2,regobs,schwarz,sddep,se,ssr,stderrs,tstats
 6.248680, 102.0000,-9.940590, 0.060872, 40.91023, 4.88E-09, 6.269282,-322.9313,-16.10386, 2.000000, 1.19E-14, 0.286265, 0.279268, 104.0000, 6.299533, 6.421318, 5.451439, 3031.255, 1.101939,-9.020998
,,-0.851834,,,,,,,, 4.88E-09,,,,,,,, 0.133180,-6.396111
