aic,df,coefs,dw,f,fprob,hq,logl,meandep,ncoef,pval,r2,rbar2,regobs,schwarz,sddep,se,ssr,stderrs,tstats
 5.729498, 102.0000,-2.039641, 0.074523, 39.06464, 9.62E-09, 5.750101,-295.9339,-3.573751, 2.000000, 4.73E-05, 0.276927, 0.269838, 104.0000, 5.780352, 4.921107, 4.205061, 1803.619, 0.479865,-4.250445
,,-0.828334,,,,,,,, 9.62E-09,,,,,,,, 0.132530,-6.250171
