aic,df,coefs,dw,f,fprob,hq,logl,meandep,ncoef,pval,r2,rbar2,regobs,schwarz,sddep,se,ssr,stderrs,tstats
 4.355856, 102.0000, 0.172610, 0.278851, 32.12721, 1.35E-07, 4.376458,-224.5045,-0.550334, 2.000000, 0.480107, 0.239528, 0.232072, 104.0000, 4.406709, 2.414512, 2.115873, 456.6457, 0.243548, 0.708733
,, 0.587973,,,,,,,, 1.35E-07,,,,,,,, 0.103734, 5.668087
