aic,df,coefs,dw,f,fprob,hq,logl,meandep,ncoef,pval,r2,rbar2,regobs,schwarz,sddep,se,ssr,stderrs,tstats
 1.476536, 4.000000,-1.414163, 2.750768, 3.905865, 0.119302, 1.198668,-2.429609,-0.968924, 2.000000, 0.008105, 0.494047, 0.367558, 6.000000, 1.407123, 0.558675, 0.444293, 0.789585, 0.289229,-4.889430
,,-0.198568,,,,,,,, 0.119302,,,,,,,, 0.100473,-1.976326
