aic,df,coefs,dw,f,fprob,hq,logl,meandep,ncoef,pval,r2,rbar2,regobs,schwarz,sddep,se,ssr,stderrs,tstats
 4.862678, 102.0000, 3.800179, 0.222083, 54.29437, 4.64E-11, 4.883280,-250.8592, 7.014878, 2.000000, 3.48E-11, 0.347385, 0.340987, 104.0000, 4.913531, 3.358132, 2.726118, 758.0354, 0.511661, 7.427141
,, 0.848260,,,,,,,, 4.64E-11,,,,,,,, 0.115120, 7.368471
