aic,df,coefs,dw,f,fprob,hq,logl,meandep,ncoef,pval,r2,rbar2,regobs,schwarz,sddep,se,ssr,stderrs,tstats
 1.705160, 4.000000, 0.799975, 2.502253, 6.322902, 0.065738, 1.427292,-3.115480, 0.267913, 2.000000, 0.052662, 0.612512, 0.515640, 6.000000, 1.635746, 0.715699, 0.498098, 0.992405, 0.293466, 2.725955
,, 0.501369,,,,,,,, 0.065738,,,,,,,, 0.199388, 2.514538
