Variable,Coefficient,Std. Error,t-Statistic,Prob.  
,,,,
C,0.482520,0.036413,13.25147,0.0000
X,0.058789,0.061307,0.958937,0.3385
