Variable,Coefficient,Std. Error,t-Statistic,Prob.  
,,,,
C,0.480025,0.033905,14.15780,0.0000
X,0.009925,0.060301,0.164585,0.8694
