Variable,Coefficient,Std. Error,t-Statistic,Prob.  
,,,,
C,0.488464,0.035628,13.71025,0.0000
X,0.045118,0.061351,0.735409,0.4627
