Variable,Coefficient,Std. Error,t-Statistic,Prob.  
,,,,
C,0.534710,0.036623,14.60022,0.0000
X,-0.043358,0.061931,-0.700100,0.4845
